chip_name,rs,Alleles_A_B_FORWARD,Alleles_A_B_TOP,chromosome,position,SNP_name
Bov_GSeekDAYv2,rs17871566,A/G,A/G,1,138583183,ARS-USMARC-Parent-AY943841-rs17871566
Bov_GSeekDAYv2,rs29003723,A/T,A/T,1,127426647,ARS-USMARC-Parent-AY761135-rs29003723
Bov_GSeekDAYv2,rs29009958,T/C,A/G,1,78034231,Hapmap58919-rs29009958
Bov_GSeekDAYv2,rs29010295,A/G,A/G,1,20634675,Hapmap60044-rs29010295
Bov_GSeekDAYv2,rs29010795,A/G,A/G,1,29524658,ARS-USMARC-Parent-DQ451555-rs29010795
Bov_GSeekDAYv2,rs29011049,T/C,A/G,1,98238089,Hapmap54106-rs29011049
Bov_GSeekDAYv2,rs29012500,A/G,A/G,1,81345283,Hapmap14994-rs29012500
Bov_GSeekDAYv2,rs29012530,T/G,A/C,1,59409838,ARS-USMARC-Parent-DQ404150-rs29012530
Bov_GSeekDAYv2,rs29012748,A/G,A/G,1,34407892,UA-IFASA-4161
Bov_GSeekDAYv2,rs29012842,T/G,A/C,1,3249057,ARS-USMARC-Parent-DQ381153-rs29012842
Bov_GSeekDAYv2,rs29013907,T/G,A/C,1,115133648,UA-IFASA-1795
Bov_GSeekDAYv2,rs29015093,A/G,A/G,1,96382717,Hapmap59668-rs29015093
Bov_GSeekDAYv2,rs29015773,T/G,A/C,1,8998063,Hapmap52559-rs29015773
Bov_GSeekDAYv2,rs29015852,T/C,A/G,1,516404,Hapmap53946-rs29015852
Bov_GSeekDAYv2,rs29015962,T/C,A/G,1,71370844,Hapmap53495-rs29015962
Bov_GSeekDAYv2,rs29016259,T/G,A/C,1,24302207,Hapmap52220-rs29016259
Bov_GSeekDAYv2,rs29016261,T/C,A/G,1,153249283,Hapmap53097-rs29016261
Bov_GSeekDAYv2,rs29016284,A/G,A/G,1,156598837,Hapmap59327-rs29016284
Bov_GSeekDAYv2,rs29017615,A/C,A/C,1,52306846,UA-IFASA-5103
Bov_GSeekDAYv2,rs29018839,T/C,A/G,1,47102513,Hapmap54262-rs29018839
Bov_GSeekDAYv2,rs29019282,T/C,A/G,1,151349514,ARS-USMARC-Parent-DQ404151-rs29019282
Bov_GSeekDAYv2,rs29019581,A/G,A/G,1,16715975,Hapmap60239-rs29019581
Bov_GSeekDAYv2,rs29022048,A/C,A/C,1,4784221,Hapmap60652-rs29022048
Bov_GSeekDAYv2,rs29022825,T/C,A/G,1,10056851,Hapmap57724-rs29022825
Bov_GSeekDAYv2,rs29024375,A/G,A/G,1,3601437,Hapmap59750-rs29024375
Bov_GSeekDAYv2,rs29024815,A/G,A/G,1,85294656,Hapmap55404-rs29024815
Bov_GSeekDAYv2,rs29024905,A/G,A/G,1,47856002,Hapmap60003-rs29024905
Bov_GSeekDAYv2,rs29025631,T/C,A/G,1,118923333,Hapmap54441-rs29025631
Bov_GSeekDAYv2,rs29026512,T/C,A/G,1,58695977,Hapmap36459-SCAFFOLD9563_462
Bov_GSeekDAYv2,rs29026782,T/C,A/G,1,152345820,Hapmap53066-rs29026782
Bov_GSeekDAYv2,rs29027574,T/C,A/G,1,33933829,Hapmap55373-rs29027574
Bov_GSeekDAYv2,rs41255293,T/C,A/G,1,1359951,Hapmap53766-ss46526150
Bov_GSeekDAYv2,rs41255628,T/C,A/G,1,145059132,Hapmap57299-ss46527085
Bov_GSeekDAYv2,rs41565264,T/C,A/G,1,26307924,Hapmap50927-BTA-28806
Bov_GSeekDAYv2,rs41565735,A/C,A/C,1,155126707,Hapmap39189-BTA-100013
Bov_GSeekDAYv2,rs41566183,T/G,A/C,1,62696719,Hapmap39200-BTA-32607
